{
  "scenario": "optimization_no_v2g",
  "optimization_mode": "day_ahead",
  "timestep_minutes": 30.0,
  "v2g_enabled": false,
  "avg_grid_price": 0.09034039877433829,
  "avg_buy_price": 0.09034039877433829,
  "avg_sell_price": 0.09034039877433829,
  "pto_daily_cost": 116.3635749318801,
  "total_buy_cost": 116.3635749318801,
  "total_sell_revenue": 0.0,
  "total_kwh_bought": 1440.0,
  "total_kwh_sold": 0.0,
  "w_buy": [
    0.0,
    0.0,
    0.0,
    0.0,
    0.0,
    0.0,
    0.0,
    0.0,
    720.0,
    720.0,
    0.0,
    0.0,
    0.0,
    0.0,
    0.0,
    0.0,
    0.0,
    0.0,
    0.0,
    0.0,
    0.0,
    0.0,
    0.0,
    0.0,
    0.0,
    0.0,
    0.0,
    0.0,
    0.0,
    0.0,
    0.0,
    0.0,
    0.0,
    0.0,
    0.0,
    0.0,
    0.0,
    0.0,
    0.0,
    0.0,
    0.0,
    0.0,
    0.0,
    0.0,
    0.0,
    0.0,
    0.0,
    0.0
  ],
  "w_sell": [
    0.0,
    0.0,
    0.0,
    0.0,
    0.0,
    0.0,
    0.0,
    0.0,
    0.0,
    0.0,
    0.0,
    0.0,
    0.0,
    0.0,
    0.0,
    0.0,
    0.0,
    0.0,
    0.0,
    0.0,
    0.0,
    0.0,
    0.0,
    0.0,
    0.0,
    0.0,
    0.0,
    0.0,
    0.0,
    0.0,
    0.0,
    0.0,
    0.0,
    0.0,
    0.0,
    0.0,
    0.0,
    0.0,
    0.0,
    0.0,
    0.0,
    0.0,
    0.0,
    0.0,
    0.0,
    0.0,
    0.0,
    0.0
  ],
  "energy": [
    [
      73.0,
      73.0,
      73.0,
      73.0,
      73.0,
      73.0,
      73.0,
      73.0,
      163.0,
      253.0,
      253.0,
      253.0,
      253.0,
      253.0,
      247.462,
      241.924,
      236.386,
      230.84799999999998,
      225.30999999999997,
      219.77199999999996,
      214.23399999999995,
      208.69599999999997,
      203.15799999999996,
      197.61999999999995,
      192.08199999999997,
      186.54399999999998,
      181.00599999999997,
      175.46799999999996,
      169.92999999999998,
      164.392,
      158.85399999999998,
      153.31599999999997,
      147.778,
      142.24,
      136.702,
      131.164,
      125.626,
      120.08800000000001,
      114.55,
      109.012,
      103.474,
      97.936,
      92.398,
      86.86,
      81.322,
      81.322,
      81.322,
      81.322
    ],
    [
      73.0,
      73.0,
      73.0,
      73.0,
      73.0,
      73.0,
      73.0,
      73.0,
      163.0,
      253.0,
      253.0,
      253.0,
      247.84599999999966,
      242.69199999999967,
      237.53799999999967,
      232.38399999999967,
      227.22999999999968,
      222.07599999999968,
      216.92199999999968,
      211.7679999999997,
      206.6139999999997,
      201.4599999999997,
      196.3059999999997,
      191.1519999999997,
      185.9979999999997,
      180.8439999999997,
      175.6899999999997,
      170.53599999999972,
      165.38199999999972,
      160.22799999999972,
      155.07399999999973,
      149.91999999999973,
      144.76599999999974,
      139.61199999999974,
      134.45799999999974,
      129.30399999999975,
      124.15,
      118.99599999999975,
      113.84199999999976,
      108.68799999999976,
      103.53399999999975,
      98.37999999999975,
      93.22599999999976,
      88.07199999999975,
      82.91799999999975,
      77.76399999999975,
      77.76399999999975,
      77.76399999999975
    ],
    [
      73.0,
      73.0,
      73.0,
      73.0,
      73.0,
      73.0,
      73.0,
      73.0,
      163.0,
      253.0,
      253.0,
      247.684,
      242.368,
      237.052,
      231.736,
      226.42,
      221.10399999999998,
      215.78799999999998,
      210.47199999999998,
      205.15599999999998,
      199.83999999999997,
      194.52399999999997,
      189.20799999999997,
      183.89199999999997,
      178.57599999999996,
      173.25999999999996,
      167.94399999999996,
      162.62799999999996,
      157.31199999999995,
      151.99599999999995,
      146.67999999999995,
      141.36399999999998,
      136.04799999999997,
      130.73199999999997,
      125.41599999999997,
      120.1,
      114.78399999999996,
      114.78399999999996,
      114.78399999999996,
      114.78399999999996,
      114.78399999999996,
      114.78399999999996,
      114.78399999999996,
      114.78399999999996,
      114.78399999999996,
      114.78399999999996,
      114.78399999999996,
      114.78399999999996
    ],
    [
      73.0,
      73.0,
      73.0,
      73.0,
      73.0,
      73.0,
      73.0,
      73.0,
      163.0,
      253.0,
      253.0,
      253.0,
      247.72,
      242.44,
      237.16,
      231.88,
      226.6,
      221.32,
      216.04000000000002,
      210.76,
      205.48000000000002,
      200.2,
      194.92000000000002,
      189.64,
      184.36,
      179.07999999999998,
      173.8,
      168.51999999999998,
      163.24,
      157.96,
      152.68,
      147.4,
      142.12,
      136.84,
      131.56,
      126.28,
      121.0,
      115.72,
      110.44,
      105.16,
      99.88,
      99.88,
      99.88,
      99.88,
      99.88,
      99.88,
      99.88,
      99.88
    ],
    [
      73.0,
      73.0,
      73.0,
      73.0,
      73.0,
      73.0,
      73.0,
      73.0,
      163.0,
      253.0,
      253.0,
      253.0,
      253.0,
      247.834,
      242.668,
      237.502,
      232.336,
      227.17000000000002,
      222.00400000000002,
      216.83800000000002,
      211.67200000000003,
      206.50600000000003,
      201.34000000000003,
      196.17400000000004,
      191.00800000000004,
      185.84200000000004,
      180.67600000000004,
      175.51000000000005,
      170.34400000000005,
      165.17800000000005,
      160.01200000000006,
      154.84600000000006,
      149.68000000000006,
      144.51400000000007,
      139.34800000000007,
      134.18200000000007,
      129.01600000000008,
      123.85,
      118.68400000000008,
      113.51800000000007,
      108.35200000000007,
      103.18600000000008,
      98.02000000000007,
      92.85400000000007,
      87.68800000000007,
      87.68800000000007,
      87.68800000000007,
      87.68800000000007
    ],
    [
      73.0,
      73.0,
      73.0,
      73.0,
      73.0,
      73.0,
      73.0,
      73.0,
      163.0,
      253.0,
      253.0,
      253.0,
      253.0,
      247.65400000000008,
      242.30800000000008,
      236.96200000000007,
      231.61600000000007,
      226.27000000000007,
      220.92400000000006,
      215.57800000000006,
      210.23200000000006,
      204.88600000000005,
      199.54000000000005,
      194.19400000000005,
      188.84800000000004,
      183.50200000000004,
      178.15600000000003,
      172.81000000000003,
      167.46400000000003,
      162.11800000000002,
      156.77200000000002,
      151.42600000000002,
      146.08,
      140.734,
      135.388,
      130.042,
      124.696,
      119.35,
      114.004,
      108.658,
      103.31200000000001,
      97.96600000000001,
      92.62,
      92.62,
      92.62,
      92.62,
      92.62,
      92.62
    ],
    [
      73.0,
      73.0,
      73.0,
      73.0,
      73.0,
      73.0,
      73.0,
      73.0,
      163.0,
      253.0,
      253.0,
      253.0,
      253.0,
      253.0,
      247.46199999999965,
      241.92399999999967,
      236.38599999999965,
      230.84799999999964,
      225.30999999999966,
      219.77199999999965,
      214.23399999999964,
      208.69599999999966,
      203.15799999999967,
      197.61999999999966,
      192.08199999999965,
      186.54399999999967,
      181.0059999999997,
      175.46799999999968,
      169.92999999999967,
      164.39199999999968,
      158.8539999999997,
      153.3159999999997,
      147.77799999999968,
      142.2399999999997,
      136.7019999999997,
      131.1639999999997,
      125.62599999999969,
      120.0879999999997,
      114.55,
      109.01199999999969,
      103.47399999999969,
      97.9359999999997,
      97.9359999999997,
      97.9359999999997,
      97.9359999999997,
      97.9359999999997,
      97.9359999999997,
      97.9359999999997
    ],
    [
      73.0,
